Model,RMSE,R2 Score
Decision Tree,41837144.88373316,0.5998516486591996
