Model,RMSE,R2 Score
XGBoost (RandomSearch),29502429.039145194,0.8010185906099484
