Model,RMSE,R2 Score
LightGBM (RandomSearch),29160860.24026534,0.8055993929943253
