Model,RMSE,R2 Score
Linear Regression,33394697.891895123,0.7450517756093997
